E,Test MAE,Test R2
5,0.014736721804911115,0.9287181252880323
10,0.011859876036978573,0.9635902512684951
20,0.007119013906773446,0.9845205765253021
30,0.0064579160003315475,0.9820009455447954
60,0.005615186285638245,0.9876508805138643
