E,Test MAE,Test R2
5,0.014051080612492921,0.9502535988449297
10,0.011350193124557983,0.9597500538044563
20,0.010577841937403602,0.9641400745340507
30,0.011038166330449888,0.9578740415754841
60,0.01115594913856764,0.9511621774429724
