E,Test MAE,Test R2
5,0.01500419999999996,0.928642600162768
10,0.011539839999999866,0.9643143390954672
20,0.008123139999999956,0.9771550356932309
30,0.006407679999999927,0.983028896049037
60,0.0060508799999999295,0.9840919168632439
